{
	"info": {
		"_postman_id": "626d444a-04c2-49eb-adb0-51cfec6f8aa7",
		"name": "Intro1_clase",
		"schema": "https://schema.getpostman.com/json/collection/v2.1.0/collection.json",
		"_exporter_id": "39186480"
	},
	"item": [
		{
			"name": "Register User",
			"request": {
				"method": "POST",
				"header": [],
				"url": {
					"raw": "http://127.0.0.1:8000/api/register?name=Cristina&email=c@gmail.com&password=123456&c_password=123456&name=Mario&email=m@gmail.com&password=111111&c_password=111111",
					"protocol": "http",
					"host": [
						"127",
						"0",
						"0",
						"1"
					],
					"port": "8000",
					"path": [
						"api",
						"register"
					],
					"query": [
						{
							"key": "name",
							"value": "Cristina"
						},
						{
							"key": "email",
							"value": "c@gmail.com"
						},
						{
							"key": "password",
							"value": "123456"
						},
						{
							"key": "c_password",
							"value": "123456"
						},
						{
							"key": "name",
							"value": "Mario"
						},
						{
							"key": "email",
							"value": "m@gmail.com"
						},
						{
							"key": "password",
							"value": "111111"
						},
						{
							"key": "c_password",
							"value": "111111"
						}
					]
				}
			},
			"response": []
		},
		{
			"name": "Show User",
			"request": {
				"method": "GET",
				"header": [],
				"url": {
					"raw": "http://127.0.0.1:8000/api/user/1",
					"protocol": "http",
					"host": [
						"127",
						"0",
						"0",
						"1"
					],
					"port": "8000",
					"path": [
						"api",
						"user",
						"1"
					]
				}
			},
			"response": []
		},
		{
			"name": "Show User Address",
			"request": {
				"method": "GET",
				"header": [],
				"url": {
					"raw": "http://127.0.0.1:8000/api/user/1/address",
					"protocol": "http",
					"host": [
						"127",
						"0",
						"0",
						"1"
					],
					"port": "8000",
					"path": [
						"api",
						"user",
						"1",
						"address"
					]
				}
			},
			"response": []
		},
		{
			"name": "Store Address",
			"request": {
				"method": "GET",
				"header": []
			},
			"response": []
		},
		{
			"name": "Show Address",
			"request": {
				"method": "GET",
				"header": []
			},
			"response": []
		},
		{
			"name": "show address user",
			"request": {
				"method": "GET",
				"header": []
			},
			"response": []
		},
		{
			"name": "list_events",
			"request": {
				"method": "GET",
				"header": []
			},
			"response": []
		},
		{
			"name": "book event",
			"request": {
				"method": "GET",
				"header": []
			},
			"response": []
		},
		{
			"name": "listUsers",
			"request": {
				"method": "GET",
				"header": []
			},
			"response": []
		},
		{
			"name": "type list event",
			"request": {
				"method": "GET",
				"header": []
			},
			"response": []
		}
	]
}