{
	"info": {
		"_postman_id": "583577a3-decf-440c-9272-b249518b1a42",
		"name": "New Collection",
		"schema": "https://schema.getpostman.com/json/collection/v2.1.0/collection.json",
		"_exporter_id": "39186480"
	},
	"item": [
		{
			"name": "peticiones",
			"request": {
				"method": "GET",
				"header": []
			},
			"response": []
		},
		{
			"name": "peticiones id",
			"request": {
				"method": "GET",
				"header": [],
				"url": {
					"raw": "127.0.0.1:8000/api/peticiones/1",
					"host": [
						"127",
						"0",
						"0",
						"1"
					],
					"port": "8000",
					"path": [
						"api",
						"peticiones",
						"1"
					]
				}
			},
			"response": []
		},
		{
			"name": "delete",
			"request": {
				"method": "DELETE",
				"header": [],
				"url": {
					"raw": "127.0.0.1:8000/api/peticiones/1",
					"host": [
						"127",
						"0",
						"0",
						"1"
					],
					"port": "8000",
					"path": [
						"api",
						"peticiones",
						"1"
					]
				}
			},
			"response": []
		},
		{
			"name": "firmar",
			"request": {
				"method": "PUT",
				"header": [],
				"url": {
					"raw": "127.0.0.1:8000/api/peticiones/firmar/1",
					"host": [
						"127",
						"0",
						"0",
						"1"
					],
					"port": "8000",
					"path": [
						"api",
						"peticiones",
						"firmar",
						"1"
					]
				}
			},
			"response": []
		},
		{
			"name": "update",
			"request": {
				"method": "PUT",
				"header": [],
				"url": {
					"raw": "127.0.0.1:8000/api/peticiones/1",
					"host": [
						"127",
						"0",
						"0",
						"1"
					],
					"port": "8000",
					"path": [
						"api",
						"peticiones",
						"1"
					]
				}
			},
			"response": []
		},
		{
			"name": "cambiarEstado",
			"request": {
				"method": "PUT",
				"header": [],
				"url": {
					"raw": "127.0.0.1:8000/api/peticiones/estado/1",
					"host": [
						"127",
						"0",
						"0",
						"1"
					],
					"port": "8000",
					"path": [
						"api",
						"peticiones",
						"estado",
						"1"
					]
				}
			},
			"response": []
		},
		{
			"name": "store",
			"request": {
				"method": "POST",
				"header": [],
				"url": {
					"raw": "127.0.0.1:8000/api/peticiones",
					"host": [
						"127",
						"0",
						"0",
						"1"
					],
					"port": "8000",
					"path": [
						"api",
						"peticiones"
					]
				}
			},
			"response": []
		}
	]
}